o掯ʎq,o於
49500100100010000001000,"kCJ"
49500100100020000002000,"XJ"
49500100100030000003000,"J"
49500100100040000004000,"{J"
49500100100050000005000,"HcJ"
49500100100060000006000,"R`J"
49500100100070000007000,"J"
49500100100080000008000,"J"
49500100100090000009000,"ȖؘJ"
49500100100100000010000,"QnJ"
49500100100110000011000,"ʘJ"
49500100100120000012000,"tJ"
49500100100130000013000,"J"
49500100100140000014000,"_ސJ"
49500100100150000015000,"VJ"
49500100100160000016000,"xRJ"
49500100100170000017000,"ΐJ"
49500100100180000018000,"J"
49500100100190000019000,"RJ"
49500100100200000020000,"J"
49500100100210000021000,"򕌘J"
49500100100220000022000,"ÉJ"
49500100100230000023000,"mJ"
49500100100240000024000,"OdJ"
49500100100250000025000,"J"
49500100100260000026000,"sJ"
49500100100270000027000,"J"
49500100100280000028000,"ɘJ"
49500100100290000029000,"ޗǘJ"
49500100100300000030000,"a̎RJ"
49500100100310000031000,"J"
49500100100320000032000,"J"
49500100100330000033000,"RJ"
49500100100340000034000,"LJ"
49500100100350000035000,"RJ"
49500100100360000036000,"J"
49500100100370000037000,"J"
49500100100380000038000,"QJ"
49500100100390000039000,"mJ"
49500100100400000040000,"J"
49500100100410000041000,"J"
49500100100420000042000,"J"
49500100100430000043000,"F{J"
49500100100440000044000,"啪J"
49500100100450000045000,"{J"
49500100100460000046000,"J"
49500100100470000047000,"J"
